ID,Category,Name,Details,URL
1,processor,"10th Gen Intel® Core™ i3-10100 Desktop Processor 6M Cache, 4 Cores up to 4.3GHz LGA 1200 (Intel® 400 Series Chipset) 65W","10th Gen Intel® Core™ i3-10100 Desktop Processor 6M Cache, 4 Cores up to 4.3GHz LGA 1200 (Intel® 400 Series Chipset) 65W",pcpricetracker.in/gen/products/07d557d19cd94fd0d1edf488a9e0a6a9
2,processor,"10th Gen Intel® Core™ i5-10400  Desktop Processor 12M Cache, 6 Cores up to 4.3GHz LGA 1200 (Intel® 400 Series Chipset) 65W BX8070110400","10th Gen Intel® Core™ i5-10400  Desktop Processor 12M Cache, 6 Cores up to 4.3GHz LGA 1200 (Intel® 400 Series Chipset) 65W BX8070110400",pcpricetracker.in/gen/products/577fedecd94d772cf2d3626c3d0f5180
3,processor,10th Gen Intel® Core™ i5-10600  Desktop Processor 6 Cores up to 4.8GHz LGA 1200 (Intel® 400 Series Chipset) 65W BX8070110600,10th Gen Intel® Core™ i5-10600  Desktop Processor 6 Cores up to 4.8GHz LGA 1200 (Intel® 400 Series Chipset) 65W BX8070110600,pcpricetracker.in/gen/products/92bae28b2a01442fbc58657ff988603f
4,processor,10th Gen Intel® Core™ i7-10700  Desktop Processor 8 Cores up to 4.8GHz LGA 1200 (Intel® 400 Series Chipset) 65W BX8070110700,10th Gen Intel® Core™ i7-10700  Desktop Processor 8 Cores up to 4.8GHz LGA 1200 (Intel® 400 Series Chipset) 65W BX8070110700,pcpricetracker.in/gen/products/f8f6e43bf12dc425a9d70a60a91a300e
5,processor,10th Gen Intel® Core™ i7-10700K  Marvel  Desktop Processor Marvel Avengers Special Edition 8 Cores up to 5.1GHz Unlocked LGA1200 (Intel® 400 Series chipset) 95W BX8070110700KA,10th Gen Intel® Core™ i7-10700K  Marvel  Desktop Processor Marvel Avengers Special Edition 8 Cores up to 5.1GHz Unlocked LGA1200 (Intel® 400 Series chipset) 95W BX8070110700KA,pcpricetracker.in/gen/products/efd212785e68b8881cd42bdeb8ff6cbe
6,processor,10th Gen Intel® Core™ i7-10700K  Desktop Processor 8 Cores up to 5.1GHz Unlocked LGA 1200 (Intel® 400 Series Chipset) 125W BX8070110700K,10th Gen Intel® Core™ i7-10700K  Desktop Processor 8 Cores up to 5.1GHz Unlocked LGA 1200 (Intel® 400 Series Chipset) 125W BX8070110700K,pcpricetracker.in/gen/products/4734e7a22be9e54487886c8ddeecb82c
7,processor,10th Gen Intel® Core™ i9-10900K Marvel Desktop Processor Marvel Avengers Special Edition 10 Cores up to 5.3GHz Unlocked LGA1200 (Intel® 400 Series chipset) 95W BX8070110900KA,10th Gen Intel® Core™ i9-10900K Marvel Desktop Processor Marvel Avengers Special Edition 10 Cores up to 5.3GHz Unlocked LGA1200 (Intel® 400 Series chipset) 95W BX8070110900KA,pcpricetracker.in/gen/products/36ca991315d6e32ddddbaed7f17d13fc
8,processor,6th Gen Intel® Core™ i3-6100  Desktop Processor 2 Core up to 3.7GHz LGA1151 (Intel® 200 Series chipset) 51W BX80662I36100,6th Gen Intel® Core™ i3-6100  Desktop Processor 2 Core up to 3.7GHz LGA1151 (Intel® 200 Series chipset) 51W BX80662I36100,pcpricetracker.in/gen/products/691ef8370fb9764b988abb784d46297b
9,processor,9th Gen Intel® Core™ i3-9100  Desktop Processor 4 Cores up to 4.2GHz LGA 1151 (Intel® 300 Series Chipset) 65W BX80684I39100,9th Gen Intel® Core™ i3-9100  Desktop Processor 4 Cores up to 4.2GHz LGA 1151 (Intel® 300 Series Chipset) 65W BX80684I39100,pcpricetracker.in/gen/products/4fa93d4bf595ca690f8b91dd72ff1bb7
10,processor,9th Gen Intel® Core™ i3-9100F  Desktop Processor 4 Cores up to 4.2GHz Without Processor Graphics LGA 1151 (Intel® 300 Series Chipset) 65W BX80684i39100F,9th Gen Intel® Core™ i3-9100F  Desktop Processor 4 Cores up to 4.2GHz Without Processor Graphics LGA 1151 (Intel® 300 Series Chipset) 65W BX80684i39100F,pcpricetracker.in/gen/products/29f4a1dbce8c3895c7998b00dd534a8f
11,processor,9th Gen Intel® Core™ i5-9400  Desktop Processor 6 Cores up to 4.1GHz LGA 1151 (Intel® 300 Series Chipset) 65W BX80684I59400,9th Gen Intel® Core™ i5-9400  Desktop Processor 6 Cores up to 4.1GHz LGA 1151 (Intel® 300 Series Chipset) 65W BX80684I59400,pcpricetracker.in/gen/products/e6c8ee2989f3651a274d9a34950a1815
12,processor,9th Gen Intel® Core™ i5-9400F Desktop Processor 6 Cores up to 4.1GHz Without Processor Graphics LGA 1151 (Intel® 300 Series Chipset) 65W BX80684I59400F,9th Gen Intel® Core™ i5-9400F Desktop Processor 6 Cores up to 4.1GHz Without Processor Graphics LGA 1151 (Intel® 300 Series Chipset) 65W BX80684I59400F,pcpricetracker.in/gen/products/ba2813b63789b5a084449b6b4a143652
13,processor,9th Gen Intel® Core™ i5-9600K Desktop Processor 6 Cores up to 4.6GHz Unlocked LGA1151 (Intel® 300 Series chipset) 95W BX80684i59600K,9th Gen Intel® Core™ i5-9600K Desktop Processor 6 Cores up to 4.6GHz Unlocked LGA1151 (Intel® 300 Series chipset) 95W BX80684i59600K,pcpricetracker.in/gen/products/a4bebe9bcb819fda53dc4f51d9d82e60
14,processor,9th Gen Intel® Core™ i5-9600KF Desktop Processor 6 Cores up to 4.6GHz Unlocked Without Processor Graphics LGA 1151 (Intel® 300 Series Chipset) 95W BX80684I59600KF,9th Gen Intel® Core™ i5-9600KF Desktop Processor 6 Cores up to 4.6GHz Unlocked Without Processor Graphics LGA 1151 (Intel® 300 Series Chipset) 95W BX80684I59600KF,pcpricetracker.in/gen/products/caab6b7ad45dc75913fd2b5bae987d30
15,processor,9th Gen Intel® Core™ i7-9700 Desktop Processor 8 Cores up to 4.7GHz LGA1151 (Intel® 300 Series chipset) 65W BX80684I79700,9th Gen Intel® Core™ i7-9700 Desktop Processor 8 Cores up to 4.7GHz LGA1151 (Intel® 300 Series chipset) 65W BX80684I79700,pcpricetracker.in/gen/products/b3865ca90182a629edd738b78724b228
16,processor,9th Gen Intel® Core™ i7-9700F Desktop Processor 8 Cores up to 4.7GHz Without Processor Graphics LGA1151 (Intel® 300 Series chipset) 65W BX80684I79700F,9th Gen Intel® Core™ i7-9700F Desktop Processor 8 Cores up to 4.7GHz Without Processor Graphics LGA1151 (Intel® 300 Series chipset) 65W BX80684I79700F,pcpricetracker.in/gen/products/ec6ff5ed4e6124c21468a7e9a68b258a
17,processor,9th Gen Intel® Core™ i7-9700K Desktop Processor 8 Cores up to 4.9GHz Unlocked LGA1151 (Intel® 300 Series chipset) 95W BX80684I79700K,9th Gen Intel® Core™ i7-9700K Desktop Processor 8 Cores up to 4.9GHz Unlocked LGA1151 (Intel® 300 Series chipset) 95W BX80684I79700K,pcpricetracker.in/gen/products/69286cf50685d8321c56a9b5c6608bf3
18,processor,9th Gen Intel® Core™ i7-9700KF Desktop Processor 8 Cores up to 4.9GHz Unlocked Without Processor Graphics LGA1151 (Intel® 300 Series chipset) 95W BX80684I79700KF,9th Gen Intel® Core™ i7-9700KF Desktop Processor 8 Cores up to 4.9GHz Unlocked Without Processor Graphics LGA1151 (Intel® 300 Series chipset) 95W BX80684I79700KF,pcpricetracker.in/gen/products/2db4aacd3c1fb5470bea558981ecf5d9
19,processor,9th Gen Intel® Core™ i9-9900K Desktop Processor 8 Cores up to 5.0GHz Unlocked LGA1151 (Intel® 300 Series chipset) 95W BX80684I99900K,9th Gen Intel® Core™ i9-9900K Desktop Processor 8 Cores up to 5.0GHz Unlocked LGA1151 (Intel® 300 Series chipset) 95W BX80684I99900K,pcpricetracker.in/gen/products/c4772d2a83b57c804d162423d64eca7d
20,processor,INTEL CORE I9-9900KF Coffee Lake 8-Core 3.6 GHz 9th Gen Desktop Processor Without Graphics BX80684I99900KF,INTEL CORE I9-9900KF Coffee Lake 8-Core 3.6 GHz 9th Gen Desktop Processor Without Graphics BX80684I99900KF,pcpricetracker.in/gen/products/2cf4c9796bb2142b82bfc0264f75837b
21,processor,"AMD Ryzen 3 3100 (4 Cores 8 Threads with Max Boost Clock of 3.9GHz, Base Clock of 3.6GHz and 18MB Game Cache)","AMD Ryzen 3 3100 (4 Cores 8 Threads with Max Boost Clock of 3.9GHz, Base Clock of 3.6GHz and 18MB Game Cache)",pcpricetracker.in/gen/products/d11f42b93ccb4b50a5cf2b07518b5f7e
22,processor,"AMD Ryzen 3 3200G With Radeon RX Vega 8 Graphics (4 Cores 4 Threads With Max Boost Clock Of 4GHz, Base Clock Of 3.6GHz And 6MB Game Cache)","AMD Ryzen 3 3200G With Radeon RX Vega 8 Graphics (4 Cores 4 Threads With Max Boost Clock Of 4GHz, Base Clock Of 3.6GHz And 6MB Game Cache)",pcpricetracker.in/gen/products/7a742f8600b1d42f982a689a5b069ccc
23,processor,"AMD RYZEN 5 3400G WITH RADEON RX VEGA 11 GRAPHICS (4 CORES 8 THREADS WITH MAX BOOST CLOCK OF 4.2GHz,BASE CLOCK OF 3.7GHz AND 6MB GAME CACHE)","AMD RYZEN 5 3400G WITH RADEON RX VEGA 11 GRAPHICS (4 CORES 8 THREADS WITH MAX BOOST CLOCK OF 4.2GHz,BASE CLOCK OF 3.7GHz AND 6MB GAME CACHE)",pcpricetracker.in/gen/products/2990a4c867a40c4b48489e296bccf1cc
24,processor,"AMD RYZEN 5 3500 (6 CORES 6 THREADS,WITH BASE CLOCK OF 3.6GHz,MAX BOOST CLOCK OF 4.1GHz AND 19MB GAME CACHE)","AMD RYZEN 5 3500 (6 CORES 6 THREADS,WITH BASE CLOCK OF 3.6GHz,MAX BOOST CLOCK OF 4.1GHz AND 19MB GAME CACHE)",pcpricetracker.in/gen/products/a14f7ee654d138ee9d520e5fd7b541d6
25,processor,AMD RYZEN 5 3500X 6-Core 3.6 GHz (4.1 GHz Turbo) Socket AM4 Desktop Processor 100-100000158CBX,AMD RYZEN 5 3500X 6-Core 3.6 GHz (4.1 GHz Turbo) Socket AM4 Desktop Processor 100-100000158CBX,pcpricetracker.in/gen/products/924bc715a93d8c8d0707a704b962f6b1
26,processor,AMD RYZEN 5 3600 AMD RYZEN 5 3600 PROCESSOR (UPTO 4.2 GHZ / 35 MB CACHE),AMD RYZEN 5 3600 AMD RYZEN 5 3600 PROCESSOR (UPTO 4.2 GHZ / 35 MB CACHE),pcpricetracker.in/gen/products/ef42d83fb063326417039e11a8f18b2e
27,processor,AMD Ryzen 5 3600X AMD Ryzen 5 3600X 3rd Gen Desktop Processor 100-100000022BOX,AMD Ryzen 5 3600X AMD Ryzen 5 3600X 3rd Gen Desktop Processor 100-100000022BOX,pcpricetracker.in/gen/products/9e67b1095944902ca4c79e27c020ef93
28,processor,AMD Ryzen 5 3600XT AMD Ryzen 5 3600XT Gen3 6 Core AM4 Processor with Wraith Spire Cooler,AMD Ryzen 5 3600XT AMD Ryzen 5 3600XT Gen3 6 Core AM4 Processor with Wraith Spire Cooler,pcpricetracker.in/gen/products/0c468fd9ead448e9fa55317015a61c16
29,processor,AMD Ryzen 5 PRO 4650G AMD Ryzen 5 PRO 4650G 3.7GHz 6 Cores-12 Threads Processor,AMD Ryzen 5 PRO 4650G AMD Ryzen 5 PRO 4650G 3.7GHz 6 Cores-12 Threads Processor,pcpricetracker.in/gen/products/b832bf8eb22b123911e556d55938ba6d
30,processor,AMD RYZEN 7 2700X AMD RYZEN 7 2700X 2nd GENERATION OCTA CORE PROCESSOR,AMD RYZEN 7 2700X AMD RYZEN 7 2700X 2nd GENERATION OCTA CORE PROCESSOR,pcpricetracker.in/gen/products/8df117968b7c7451b7e266c39192df1b
31,processor,AMD RYZEN 7 2700X GOLD  AMD RYZEN 7 2700X GOLD PROCESSOR (UPTO 4.3 GHZ / 20 MB CACHE),AMD RYZEN 7 2700X GOLD  AMD RYZEN 7 2700X GOLD PROCESSOR (UPTO 4.3 GHZ / 20 MB CACHE),pcpricetracker.in/gen/products/c080a9ffa69f72aca169a619b68d88bb
32,processor,"AMD Ryzen 7 3700X (8 Cores 16 Threads With Max Boost Clock Of 4.4GHz, Base Clock Of 3.6GHz And 36MB Game Cache)","AMD Ryzen 7 3700X (8 Cores 16 Threads With Max Boost Clock Of 4.4GHz, Base Clock Of 3.6GHz And 36MB Game Cache)",pcpricetracker.in/gen/products/564b5fca8ec48dbe861b54bd2ed18cb6
33,processor,"AMD Ryzen 7 3800X  (8 Cores 16 Threads, With Max Boost Clock Of 4.5GHz, Base Clock Of 3.9GHz And 36MB Game Cache)","AMD Ryzen 7 3800X  (8 Cores 16 Threads, With Max Boost Clock Of 4.5GHz, Base Clock Of 3.9GHz And 36MB Game Cache)",pcpricetracker.in/gen/products/8337692cb63e33f71a57658339206237
34,processor,"AMD Ryzen 7 3800XT PROCESSOR (8 CORES 16 THREADS WITH MAX BOOST CLOCK OF 4.7GHz, BASE CLOCK OF 3.9GHz AND 36MB GAME CACHE)","AMD Ryzen 7 3800XT PROCESSOR (8 CORES 16 THREADS WITH MAX BOOST CLOCK OF 4.7GHz, BASE CLOCK OF 3.9GHz AND 36MB GAME CACHE)",pcpricetracker.in/gen/products/5ce54a46670c02c1b1c83f7ecb4c19a8
35,processor,"AMD Ryzen 9 3900X (12 Cores 24 Threads, With Max Boost Clock Of 4.6GHz, Base Clock Of 3.8GHz And 70MB Game Cache)","AMD Ryzen 9 3900X (12 Cores 24 Threads, With Max Boost Clock Of 4.6GHz, Base Clock Of 3.8GHz And 70MB Game Cache)",pcpricetracker.in/gen/products/d36b519604a42a96300fb4cda271dca2
36,processor,"AMD Ryzen 9 3900XT (12 CORES 24 THREADS WITH MAX BOOST CLOCK OF 4.7GHz, BASE CLOCK OF 3.8GHz AND 70MB GAME CACHE)","AMD Ryzen 9 3900XT (12 CORES 24 THREADS WITH MAX BOOST CLOCK OF 4.7GHz, BASE CLOCK OF 3.8GHz AND 70MB GAME CACHE)",pcpricetracker.in/gen/products/af38fdee6af3902c9c89838a51049ceb
37,processor,"AMD Ryzen 9 3950X (16 Cores 32 Threads,With Max Boost Clock Of 4.7GHz, Base Clock Of 3.5GHz And 72MB Game Cache)","AMD Ryzen 9 3950X (16 Cores 32 Threads,With Max Boost Clock Of 4.7GHz, Base Clock Of 3.5GHz And 72MB Game Cache)",pcpricetracker.in/gen/products/d6abaa941056f19f315adf659e34da40
38,processor,"AMD RYZEN THREADRIPPER 3960X (24 CORES 48 THREADS,WITH MAX BOOST CLOCK OF 4.5GHz,BASE CLOCK OF 3.8GHz AND 140MB CACHE MEMORY )","AMD RYZEN THREADRIPPER 3960X (24 CORES 48 THREADS,WITH MAX BOOST CLOCK OF 4.5GHz,BASE CLOCK OF 3.8GHz AND 140MB CACHE MEMORY )",pcpricetracker.in/gen/products/6a21efc4a71ce6b9727e2fabd5c491f6
39,processor,9th Gen Intel® Core™ i9-9900K (New Box) Desktop Processor 8 Cores up to 5.0GHz Unlocked LGA1151 (Intel® 300 Series chipset) 95W BX806849900K (New Box),9th Gen Intel® Core™ i9-9900K (New Box) Desktop Processor 8 Cores up to 5.0GHz Unlocked LGA1151 (Intel® 300 Series chipset) 95W BX806849900K (New Box),pcpricetracker.in/gen/products/348855fcc43ed998975e480c83db3d5b
40,processor,"AMD RYZEN THREADRIPPER 3970X (32 CORES 64 THREADS,WITH MAX BOOST CLOCK OF 4.5GHz,BASE CLOCK OF 3.7GHz AND 144MB CACHE MEMORY)","AMD RYZEN THREADRIPPER 3970X (32 CORES 64 THREADS,WITH MAX BOOST CLOCK OF 4.5GHz,BASE CLOCK OF 3.7GHz AND 144MB CACHE MEMORY)",pcpricetracker.in/gen/products/5055a451a402270c9861527ace152257
41,processor,AMD Ryzen 2nd Gen Threadripper 2920X,AMD Ryzen 2nd Gen Threadripper 2920X,pcpricetracker.in/gen/products/b2442c17c7874201e3ff19360854c8e2
42,processor,"AMD ATHLON 200GE PROCESSOR (5MB CACHE, UPTO 3.2 GHZ)","AMD ATHLON 200GE PROCESSOR (5MB CACHE, UPTO 3.2 GHZ)",pcpricetracker.in/gen/products/d101da8a9e27f14e56431dade50cf531
43,processor,AMD Ryzen 2nd Gen Threadripper 2950X Processor,AMD Ryzen 2nd Gen Threadripper 2950X Processor,pcpricetracker.in/gen/products/80350816d3fdd8630dd0f5b6109809d3
44,processor,AMD Ryzen 2nd Gen Threadripper 2970WX Desktop Processor,AMD Ryzen 2nd Gen Threadripper 2970WX Desktop Processor,pcpricetracker.in/gen/products/8e42443ba814c2691c1fe242dc0fa3c9
45,processor,AMD RYZEN 3 3300X PROCESSOR ( Upto 4.3 GHz / 18 MB Cache),AMD RYZEN 3 3300X PROCESSOR ( Upto 4.3 GHz / 18 MB Cache),pcpricetracker.in/gen/products/1cc072ee4df0ca8975a49c1eb9a2b26e
46,processor,AMD Ryzen 3 PRO 4350G 3.8GHz Processor,AMD Ryzen 3 PRO 4350G 3.8GHz Processor,pcpricetracker.in/gen/products/dec987ceed557a72d4d7cbc624f24364
47,processor,AMD RYZEN 5 1600 PROCESSOR,AMD RYZEN 5 1600 PROCESSOR,pcpricetracker.in/gen/products/c9b55314d9e530896bb2b352ee923cf9
48,processor,AMD RYZEN 5 1600X 3.6 GHz (4.0 GHz Turbo) Socket AM4 95W Desktop Processor,AMD RYZEN 5 1600X 3.6 GHz (4.0 GHz Turbo) Socket AM4 95W Desktop Processor,pcpricetracker.in/gen/products/e90e10af7fb11f978e1e90e370ece71f
49,processor,AMD RYZEN 5 2400G APU Series Desktop Processor,AMD RYZEN 5 2400G APU Series Desktop Processor,pcpricetracker.in/gen/products/9afcc1c304ed1b16ce352d57251073cd
50,processor,AMD RYZEN 5 2600 PROCESSOR,AMD RYZEN 5 2600 PROCESSOR,pcpricetracker.in/gen/products/523103c1169d58719fede4f3d22ef3d9
51,processor,AMD RYZEN 5 2600X PROCESSOR,AMD RYZEN 5 2600X PROCESSOR,pcpricetracker.in/gen/products/a1d14f61222832585a4d390db74052cb
52,processor,AMD RYZEN 7 2700 8-Core 3.2 GHz (4.1 GHz Max Boost) Socket AM4 Processor,AMD RYZEN 7 2700 8-Core 3.2 GHz (4.1 GHz Max Boost) Socket AM4 Processor,pcpricetracker.in/gen/products/c242234fcdb1080e6c5f1b219440e3ce
53,processor,AMD RYZEN THREADRIPPER 3990X,AMD RYZEN THREADRIPPER 3990X,pcpricetracker.in/gen/products/7f668e26bcb9a7e3c1785482d5681030
54,processor,"INTEL PENTIUM GOLD G5400 PROCESSOR (4M Cache, 3.70 GHz)","INTEL PENTIUM GOLD G5400 PROCESSOR (4M Cache, 3.70 GHz)",pcpricetracker.in/gen/products/5a5279b8eefd36b65dbb936ddb2de1cc
55,processor,Intel® Pentium® Gold G5420 Desktop Processor 2 Core up to 3.80 GHz LGA1151 (Intel® 300 Series chipset) 54W BX80684G5420,Intel® Pentium® Gold G5420 Desktop Processor 2 Core up to 3.80 GHz LGA1151 (Intel® 300 Series chipset) 54W BX80684G5420,pcpricetracker.in/gen/products/2cd7fae97423507cd4239f2408d48368
56,processor,Intel Core i3-7100 7100 Kaby Lake Desktop Processor 3M Cache 3.90 GHz,Intel Core i3-7100 7100 Kaby Lake Desktop Processor 3M Cache 3.90 GHz,pcpricetracker.in/gen/products/1d86fefedd099698b550d3bd41434b89
57,processor,Intel Core i3-9100 Coffee Lake 4-Core 3.6 GHz Processor BX80684I39100,Intel Core i3-9100 Coffee Lake 4-Core 3.6 GHz Processor BX80684I39100,pcpricetracker.in/gen/products/b400ebd9921b849ba61ce86385679bda
58,processor,Intel Core I7-8700 3.20 GHz Coffee Lake 8TH GEN Processor,Intel Core I7-8700 3.20 GHz Coffee Lake 8TH GEN Processor,pcpricetracker.in/gen/products/f02a192fafae9e69402b9c280b72191f
59,processor,"Intel 10th Gen Comet Lake Core i3-10300 Processor 8M Cache, up to 4.40 GHz","Intel 10th Gen Comet Lake Core i3-10300 Processor 8M Cache, up to 4.40 GHz",pcpricetracker.in/gen/products/d09c1f244527b79cb569f4933ea5779f
60,processor,"Intel 10th Gen Comet Lake Core i3-10320 Processor 8M Cache, up to 4.60 GHz","Intel 10th Gen Comet Lake Core i3-10320 Processor 8M Cache, up to 4.60 GHz",pcpricetracker.in/gen/products/23c2a980e3bfab616a29d46e7cdf563b
61,processor,"Intel 10th Gen Comet Lake Core i5-10400T Processor 12M Cache, up to 3.60 GHz","Intel 10th Gen Comet Lake Core i5-10400T Processor 12M Cache, up to 3.60 GHz",pcpricetracker.in/gen/products/11994fa1d9ae11b100b083f7c187f0ee
62,processor,"Intel 10th Gen Comet Lake Core i5-10500T Processor 12M Cache, up to 3.80 GHz","Intel 10th Gen Comet Lake Core i5-10500T Processor 12M Cache, up to 3.80 GHz",pcpricetracker.in/gen/products/6f14f02ceea9ad060f813348b9a41284
63,processor,"INTEL CORE I5-10500 10TH GENERATION PROCESSOR (12M CACHE, UP TO 4.50 GHZ)","INTEL CORE I5-10500 10TH GENERATION PROCESSOR (12M CACHE, UP TO 4.50 GHZ)",pcpricetracker.in/gen/products/d92276ea719fcfb65f9bc0ffe85fe2db
64,processor,"Intel 10th Gen Comet Lake Core i5-10600K Processor 12M Cache, up to 4.80 GHz","Intel 10th Gen Comet Lake Core i5-10600K Processor 12M Cache, up to 4.80 GHz",pcpricetracker.in/gen/products/7c9166cab19a9ade2ec3d61ce4729581
65,processor,"Intel Core i5-10600KA 10th Generation Marvel's Avengers Collector's Edition Processor (12M Cache, up to 4.80 GHz)","Intel Core i5-10600KA 10th Generation Marvel's Avengers Collector's Edition Processor (12M Cache, up to 4.80 GHz)",pcpricetracker.in/gen/products/c6488b66a2bd86f32fc273e47298c37a
66,processor,"Intel 10th Gen Comet Lake Core i5-10600KF Processor 12M Cache, up to 4.80 GHz","Intel 10th Gen Comet Lake Core i5-10600KF Processor 12M Cache, up to 4.80 GHz",pcpricetracker.in/gen/products/3ac258df11595bc245e050c8af726829
67,processor,"Intel 10th Gen Comet Lake Core i5-10600T Processor 12M Cache, up to 4.00 GHz","Intel 10th Gen Comet Lake Core i5-10600T Processor 12M Cache, up to 4.00 GHz",pcpricetracker.in/gen/products/d990011b3e2c2afd6a6cd7352cea9e02
68,processor,"Intel 10th Gen Comet Lake Core i7-10700F Processor 16M Cache, up to 4.80 GHz","Intel 10th Gen Comet Lake Core i7-10700F Processor 16M Cache, up to 4.80 GHz",pcpricetracker.in/gen/products/d70f4cb62c4f6a0cdda475c4b168884a
69,processor,"Intel 10th Gen Comet Lake Core i7-10700KF Processor 16M Cache, up to 5.00 GHz","Intel 10th Gen Comet Lake Core i7-10700KF Processor 16M Cache, up to 5.00 GHz",pcpricetracker.in/gen/products/923e7b24f7ab4a4a74ade6d8d55b2109
70,processor,"Intel 10th Gen Comet Lake Core i7-10700T Processor 16M Cache, up to 4.40 GHz","Intel 10th Gen Comet Lake Core i7-10700T Processor 16M Cache, up to 4.40 GHz",pcpricetracker.in/gen/products/7e106a1142aed9a20012c95a6965a731
71,processor,Intel 10th Gen Comet Lake Core i9-10850K 10-Core 3.6 GHz Desktop Processor BX8070110850K,Intel 10th Gen Comet Lake Core i9-10850K 10-Core 3.6 GHz Desktop Processor BX8070110850K,pcpricetracker.in/gen/products/d8e4820cfe1c0cc313cea48b91a985fb
72,processor,"Intel 10th Gen Comet Lake Core i9-10900 Processor 20M Cache, up to 5.20 GHz","Intel 10th Gen Comet Lake Core i9-10900 Processor 20M Cache, up to 5.20 GHz",pcpricetracker.in/gen/products/5ddcd9d9898d2cac1f789e0d2c5b74a8
73,processor,"Intel 10th Gen Comet Lake Core i9-10900F Processor 20M Cache, up to 5.20 GHz","Intel 10th Gen Comet Lake Core i9-10900F Processor 20M Cache, up to 5.20 GHz",pcpricetracker.in/gen/products/af67192e2049aab0c80604715b667ac5
74,processor,"Intel 10th Gen Comet Lake Core i9-10900KF Processor 20M Cache, up to 5.30 GHz","Intel 10th Gen Comet Lake Core i9-10900KF Processor 20M Cache, up to 5.30 GHz",pcpricetracker.in/gen/products/880e402b49beb968ecb982e196fad8b7
75,processor,"Intel 10th Gen Comet Lake Core i9-10900T Processor 20M Cache, up to 4.50 GHz","Intel 10th Gen Comet Lake Core i9-10900T Processor 20M Cache, up to 4.50 GHz",pcpricetracker.in/gen/products/8dbb7125fc7033fe029190296dc79cbf
76,processor,"Intel Core i9-10850K 10th Generation Marvel's Avengers Collector's Edition Processor (20M Cache, up to 5.20 GHz)","Intel Core i9-10850K 10th Generation Marvel's Avengers Collector's Edition Processor (20M Cache, up to 5.20 GHz)",pcpricetracker.in/gen/products/6e5ef5da49445400c630326e5e44518d
77,processor,Intel Cascade Lake-X Core i9-10900X Extreme Edition Processor,Intel Cascade Lake-X Core i9-10900X Extreme Edition Processor,pcpricetracker.in/gen/products/6c1e5a43bdb6cc44bc13eb383e3494a0
78,processor,Intel Cascade Lake-X Core i9-10920X Extreme Edition Processor,Intel Cascade Lake-X Core i9-10920X Extreme Edition Processor,pcpricetracker.in/gen/products/d27dd702ea37c56f4d9326c10f2da6c0
79,processor,Intel Cascade Lake-X Core i9-10940X Extreme Edition Processor,Intel Cascade Lake-X Core i9-10940X Extreme Edition Processor,pcpricetracker.in/gen/products/801b52e302b6936f35a59d591b48b11a
80,processor,Intel Cascade Lake-X Core i9-10980XE Extreme Edition Processor,Intel Cascade Lake-X Core i9-10980XE Extreme Edition Processor,pcpricetracker.in/gen/products/b8820d1e45d6bf61dcbdd06b10ea4de8
81,processor,"Intel 10th Gen Comet Lake Pentium Gold G6500T Processor 4M Cache, up to 3.50 GHz","Intel 10th Gen Comet Lake Pentium Gold G6500T Processor 4M Cache, up to 3.50 GHz",pcpricetracker.in/gen/products/2c605f391a2bbe58804a4f9d93c43944
82,processor,Intel Core i9-9960X Skylake X 16-Core 3.1 GHz (4.4 GHz Turbo) LGA 2066 Desktop Processor BX80673I99960X,Intel Core i9-9960X Skylake X 16-Core 3.1 GHz (4.4 GHz Turbo) LGA 2066 Desktop Processor BX80673I99960X,pcpricetracker.in/gen/products/5bea167127610a7c3483ff1745577470
83,processor,Intel Core i9-9980XE Extreme Edition 3.0 GHz Eighteen-Core LGA 2066 Processor,Intel Core i9-9980XE Extreme Edition 3.0 GHz Eighteen-Core LGA 2066 Processor,pcpricetracker.in/gen/products/26422d9d56841c7dcda2b67d2eeb160b
84,processor,8th Gen Intel® Core™ i3-8100 Desktop Processor 4 Cores up to 3.6GHz LGA1151 (Intel® 300 Series chipset) 65W BX80684i38100,8th Gen Intel® Core™ i3-8100 Desktop Processor 4 Cores up to 3.6GHz LGA1151 (Intel® 300 Series chipset) 65W BX80684i38100,pcpricetracker.in/gen/products/2b438e1962bcde223afd91cb4c74c631
85,processor,8th Gen Intel® Core™ i5-8400 Desktop Processor 6 Cores up to 4.0GHz Turbo LGA1151 (Intel® 300 Series chipset) 65W BX80684i58400,8th Gen Intel® Core™ i5-8400 Desktop Processor 6 Cores up to 4.0GHz Turbo LGA1151 (Intel® 300 Series chipset) 65W BX80684i58400,pcpricetracker.in/gen/products/50d4d2b8d59cf362bd1937b199025058
86,processor,"AMD ATHLON 3000G PROCESSOR WITH RADEON VEGA 3 GRAPHICS (2 CORES 4 THREADS,WITH BASE CLOCK OF 3.5GHz AND 5MB CACHE MEMORY)","AMD ATHLON 3000G PROCESSOR WITH RADEON VEGA 3 GRAPHICS (2 CORES 4 THREADS,WITH BASE CLOCK OF 3.5GHz AND 5MB CACHE MEMORY)",pcpricetracker.in/gen/products/a451b7e8fb627a7b0ba299937097f142
87,processor,"Intel 10th Gen Comet Lake Core i5-10400F Processor 12M Cache, up to 4.30 GHz","Intel 10th Gen Comet Lake Core i5-10400F Processor 12M Cache, up to 4.30 GHz",pcpricetracker.in/gen/products/9f4cae6ec4d5f0348b7f92e394f0fac9
88,processor,10th Gen Intel® Core™ i9-10900K Desktop Processor 10 Cores up to 5.3GHz Unlocked LGA1200 (Intel® 400 Series chipset) 125W BX8070110900K,10th Gen Intel® Core™ i9-10900K Desktop Processor 10 Cores up to 5.3GHz Unlocked LGA1200 (Intel® 400 Series chipset) 125W BX8070110900K,pcpricetracker.in/gen/products/1b07fbcff3e7627c38fa4b775a5a5cc3
89,processor,"Intel Core i3-10100F 10th Generation Processor (6M Cache, up to 4.30 GHz)","Intel Core i3-10100F 10th Generation Processor (6M Cache, up to 4.30 GHz)",pcpricetracker.in/gen/products/e036af40c5e4ce7b65d1105c767b852d
90,processor,AMD RYZEN 5 5600X PROCESSOR,AMD RYZEN 5 5600X PROCESSOR,pcpricetracker.in/gen/products/935ab1ad74b916438c8a298c7d558221
91,processor,AMD RYZEN 7 5800X PROCESSOR,AMD RYZEN 7 5800X PROCESSOR,pcpricetracker.in/gen/products/7a182ce3c511a1855096383299cdb109
92,processor,AMD RYZEN 9 5900X PROCESSOR,AMD RYZEN 9 5900X PROCESSOR,pcpricetracker.in/gen/products/d37825f104cad44f05fb98aad4e9f363
93,processor,AMD RYZEN 9 5950X PROCESSOR,AMD RYZEN 9 5950X PROCESSOR,pcpricetracker.in/gen/products/82f5da7cead4df3358e32ae014a8e31d
94,processor,AMD Ryzen 3 2200G with Radeon Vega 8 Graphics (Up to 3.7GHz 6 MB Cache),AMD Ryzen 3 2200G with Radeon Vega 8 Graphics (Up to 3.7GHz 6 MB Cache),pcpricetracker.in/gen/products/e782e524633aa1613c85d34d8332cfe7
95,processor,AMD RYZEN 7 1800X 3.6 GHz (4.0 GHz Turbo) Socket AM4 95W Desktop Processor,AMD RYZEN 7 1800X 3.6 GHz (4.0 GHz Turbo) Socket AM4 95W Desktop Processor,pcpricetracker.in/gen/products/0d5f142404bab2608be92742bbb51ae4
96,processor,"Intel Pentium Gold G6400 Processor (4M Cache, 4.00 GHz) BX80701G6400","Intel Pentium Gold G6400 Processor (4M Cache, 4.00 GHz) BX80701G6400",pcpricetracker.in/gen/products/052b97f468539ba0a63aa36c2e701ea8
97,processor,9th Gen Intel® Core™ i9-9900 Desktop Processor 8 Cores up to 5.0GHz Unlocked LGA1151 (Intel® 300 Series chipset) 65W BX80684I99900,9th Gen Intel® Core™ i9-9900 Desktop Processor 8 Cores up to 5.0GHz Unlocked LGA1151 (Intel® 300 Series chipset) 65W BX80684I99900,pcpricetracker.in/gen/products/2b5555bc83626e227bce15e8fe44fa8e
98,processor,"AMD RYZEN 7 PRO 4750G OPEN BOX OEM PROCESSOR (8 CORES 16 THREADS WITH MAX BOOST CLOCK OF 4.4GHz, BASE CLOCK OF 3.6GHz AND 12MB GAME CACHE)","AMD RYZEN 7 PRO 4750G OPEN BOX OEM PROCESSOR (8 CORES 16 THREADS WITH MAX BOOST CLOCK OF 4.4GHz, BASE CLOCK OF 3.6GHz AND 12MB GAME CACHE)",pcpricetracker.in/gen/products/bf64107a8802c998ef091e915adaf1f7
99,processor,Intel core i5 9500 lga1151 desktop processor 6 cores up to 4 40ghz 9mb cache,Intel core i5 9500 lga1151 desktop processor 6 cores up to 4 40ghz 9mb cache @ ,pcpricetracker.in/gen/products/1a31d93de759a3643eb07b21b968bf9a
100,processor,Intel core i5 9500f lga1151 desktop processor 6 cores up to 4 40ghz 9mb cache,Intel core i5 9500f lga1151 desktop processor 6 cores up to 4 40ghz 9mb cache @ ,pcpricetracker.in/gen/products/88c923dbe138d9aca24ca860f3415dd8
101,processor,Amd ryzen threadripper 2990wx processor 32 cores yd299xazafwof,Amd ryzen threadripper 2990wx processor 32 cores yd299xazafwof @ ,pcpricetracker.in/gen/products/8e7c6814f92bfdd4a6da9d4e0b19696c
102,processor,9th Gen Intel® Core™ i3-9350KF Desktop Processor 4 Cores up to 4.6GHz Unlocked Without Processor Graphics LGA 1151 (Intel® 300 Series Chipset) 91W BX80684I39350KF,9th Gen Intel® Core™ i3-9350KF Desktop Processor 4 Cores up to 4.6GHz Unlocked Without Processor Graphics LGA 1151 (Intel® 300 Series Chipset) 91W BX80684I39350KF,pcpricetracker.in/gen/products/7fb54caa2b10eb0dbc6b1a39366835eb
103,processor,AMD RYZEN 7 1700 3.0 GHz (3.7 GHz Turbo) Socket AM4 65W Desktop Processor,AMD RYZEN 7 1700 3.0 GHz (3.7 GHz Turbo) Socket AM4 65W Desktop Processor,pcpricetracker.in/gen/products/3e3bca3c3d69a86977c98812b9003a89
104,processor,"AMD Ryzen Threadripper Pro 3955WX (16 Cores 32 Threads, With Max Boost Clock Of 4.3GHz, Base Clock Of 3.9GHz And 73 MB Cache Memory)","AMD Ryzen Threadripper Pro 3955WX (16 Cores 32 Threads, With Max Boost Clock Of 4.3GHz, Base Clock Of 3.9GHz And 73 MB Cache Memory) @ RYZEN THREADRIPPER PRO 3955WX",pcpricetracker.in/gen/products/971c888d79a7cdfeec414569d5126851
105,processor,"AMD Ryzen Threadripper Pro 3995WX (64 Cores, 128 Threads, With Max Boost Clock Of 4.2GHz, Base Clock Of 2.7 GHz And 292 MB Cache Memory)","AMD Ryzen Threadripper Pro 3995WX (64 Cores, 128 Threads, With Max Boost Clock Of 4.2GHz, Base Clock Of 2.7 GHz And 292 MB Cache Memory) @ RYZEN THREADRIPPER PRO 3995WX",pcpricetracker.in/gen/products/d24c987fe4dac3e6036ecad2196f940d
106,processor,"AMD Ryzen Threadripper Pro 3975WX (32 Cores, 64 Threads, With Max Boost Clock Of 4.2GHz, Base Clock Of 3.5GHz And 146 MB Cache Memory)","AMD Ryzen Threadripper Pro 3975WX (32 Cores, 64 Threads, With Max Boost Clock Of 4.2GHz, Base Clock Of 3.5GHz And 146 MB Cache Memory) @ RYZEN THREADRIPPER PRO 3975WX",pcpricetracker.in/gen/products/bf0b4c9b477c0f638251156ccfe7241a
107,processor,AMD A6-7480 Desktop Processor Upto 3.,AMD A6-7480 Desktop Processor Upto 3. @ A6-7480,pcpricetracker.in/gen/products/bf6ad3704538821f736369707c6eea1b
108,processor,Intel Core i5 7400 Processor,Intel Core i5 7400 Processor @ Intel-Core-i5-7400-Processor,pcpricetracker.in/gen/products/1649fc9bb0dc8545eedcf8c1e9e5a192
109,processor,Intel Core i9 9820X X-Series 10 Core Processor,Intel Core i9 9820X X-Series 10 Core Processor @ Intel-Corei9-9820X-X-Series-10Core-Processor,pcpricetracker.in/gen/products/39380eab02e7c25b9244db8c9812610e
110,processor,Intel Core i9-11900 11th Generation Rocket Lake Processor,Intel Core i9-11900 11th Generation Rocket Lake Processor @ i9-11900,pcpricetracker.in/gen/products/c2d609abb55f57361e06e4ab4bb1014b
111,processor,Intel Core i9-11900F 11th Generation Rocket Lake Processor,Intel Core i9-11900F 11th Generation Rocket Lake Processor @ i9-11900F,pcpricetracker.in/gen/products/ff7c21788183982a965d77c33b0e5e1f
112,processor,Intel Core i9-11900K 11th Generation Rocket Lake Processor,Intel Core i9-11900K 11th Generation Rocket Lake Processor @ i9-11900K,pcpricetracker.in/gen/products/e47a10e3c3f59aa1caab8bd9e2adf299
113,processor,Intel Core i9-11900KF 11th Generation Rocket Lake Processor,Intel Core i9-11900KF 11th Generation Rocket Lake Processor @ i9-11900KF,pcpricetracker.in/gen/products/178cdd13ff7b150c2e74f6121b9f4303
114,processor,Intel Core i9-11900T 11th Generation Rocket Lake Processor,Intel Core i9-11900T 11th Generation Rocket Lake Processor @ i9-11900T,pcpricetracker.in/gen/products/a9d709dffa5cb2dc40ca4b04a26c963f
115,processor,"Intel Core i5-11600K Processor (12M Cache, up to 4.90 GHz)","Intel Core i5-11600K Processor (12M Cache, up to 4.90 GHz) @ i5-11600K",pcpricetracker.in/gen/products/7f3bc273c457d775b066f3c141f2568c
116,processor,"Intel Core i7-11700K Processor (16M Cache, up to 5.00 GHz)","Intel Core i7-11700K Processor (16M Cache, up to 5.00 GHz) @ i7-11700K",pcpricetracker.in/gen/products/5161aca98609ed01705a74a9b6290813
117,processor,Intel Core i5-11500 11th Generation Rocket Lake Processor,Intel Core i5-11500 11th Generation Rocket Lake Processor @ i5-11500,pcpricetracker.in/gen/products/1a8d3a8f858cf3a8a9acfca4764391f6
118,processor,Intel Core i7-11700 11th Generation Rocket Lake Processor,Intel Core i7-11700 11th Generation Rocket Lake Processor @ i7-11700,pcpricetracker.in/gen/products/0d756ef8ebf93b12dda31551e34735b9
119,processor,10th Gen Intel® Core™ i3-10105F Desktop Processor 4 Cores up to 4.4GHz Without Processor Graphics LGA 1200 (Intel® 400 Series Chipset) 65W,10th Gen Intel® Core™ i3-10105F Desktop Processor 4 Cores up to 4.4GHz Without Processor Graphics LGA 1200 (Intel® 400 Series Chipset) 65W @ Gen,pcpricetracker.in/gen/products/f6592a65534eb300bd89d032346c77c9
120,processor,Intel Core i9-9920X X-series 3.50 GHz Processor,Intel Core i9-9920X X-series 3.50 GHz Processor @ ,pcpricetracker.in/gen/products/baf357e4fa8d6054c28871a77da3abff
121,processor,Intel Core I9-9940X X-series 3.30 GHz Processor,Intel Core I9-9940X X-series 3.30 GHz Processor @ ,pcpricetracker.in/gen/products/ac05a38950f5d2f10465109b45569a94
122,processor,Intel Xeon E5-2620 V4 2.10 GHz Processor,Intel Xeon E5-2620 V4 2.10 GHz Processor @ ,pcpricetracker.in/gen/products/04019c6a158bdb0e30e93d08a56a7cd8
123,processor,Intel Xeon E5-2630 V4 2.20Ghz Processor,Intel Xeon E5-2630 V4 2.20Ghz Processor @ ,pcpricetracker.in/gen/products/17a2f3c6990425539a2518b74ff1f15c
124,processor,Intel Xeon E5-2640 V4 2.40 GHz Processor,Intel Xeon E5-2640 V4 2.40 GHz Processor @ ,pcpricetracker.in/gen/products/8b51023c9efb85ca35882a4e2181667c
125,processor,Intel Xeon E5-2650 V4 2.20 GHz Processor,Intel Xeon E5-2650 V4 2.20 GHz Processor @ ,pcpricetracker.in/gen/products/b523a917f0b86fc99964d31d511a17c9
126,processor,Intel Xeon E5-2689 V4 3.10 GHz Processor,Intel Xeon E5-2689 V4 3.10 GHz Processor @ ,pcpricetracker.in/gen/products/745664af9f19866526026d32cccd811b
127,processor,[RePacked] Intel Core i5-9400F LGA1151 Desktop Processor 6 Cores up to 4.10GHz 9MB Cache,[RePacked] Intel Core i5-9400F LGA1151 Desktop Processor 6 Cores up to 4.10GHz 9MB Cache,pcpricetracker.in/gen/products/145e3d034791f2161bfe90684370c628
128,processor,AMD RYZEN 9 5900X & GIGABYTE X570 AORUS ELITE WIFI COMBO,AMD RYZEN 9 5900X & GIGABYTE X570 AORUS ELITE WIFI COMBO @ Combo2,pcpricetracker.in/gen/products/cb7e123a42b2e66bca74658dc308d7c7
129,processor,AMD RYZEN 9 5900X & MSI X570 TOMAHAWK WIFI COMBO,AMD RYZEN 9 5900X & MSI X570 TOMAHAWK WIFI COMBO @ Combo3,pcpricetracker.in/gen/products/beb6c3a0da9df17fbc3bdd17b07cd140
130,processor,AMD RYZEN 9 5900X & GIGABYTE X570 AORUS PRO WIFI COMBO,AMD RYZEN 9 5900X & GIGABYTE X570 AORUS PRO WIFI COMBO @ Combo1,pcpricetracker.in/gen/products/6b7f570d8e5a77a6855ee4083179ebd3
131,processor,AMD RYZEN 9 5900X & GIGABYTE B550 AORUS MASTER COMBO,AMD RYZEN 9 5900X & GIGABYTE B550 AORUS MASTER COMBO @ Combo4,pcpricetracker.in/gen/products/7359a60b5ee9cfd3eb2076619d80950a
132,processor,AMD RYZEN 9 5950X & GIGABYTE X570 AORUS ELITE WIFI COMBO,AMD RYZEN 9 5950X & GIGABYTE X570 AORUS ELITE WIFI COMBO @ Combo6,pcpricetracker.in/gen/products/07c249ae73b79596b939ce9d9d1779a2
133,processor,[RePacked] AMD Ryzen 5 2600X Desktop Processor AM4 Socket 6 Cores 12 Threads Max Boost 4.2Ghz 20MB of Cache,[RePacked] AMD Ryzen 5 2600X Desktop Processor AM4 Socket 6 Cores 12 Threads Max Boost 4.2Ghz 20MB of Cache,pcpricetracker.in/gen/products/645406a4d034f318873a93fd8023c7b6
134,processor,[RePacked] AMD Ryzen 7 5800X Desktop Processor 8 Cores up to 4.7GHz 36MB Cache AM4 Socket,[RePacked] AMD Ryzen 7 5800X Desktop Processor 8 Cores up to 4.7GHz 36MB Cache AM4 Socket,pcpricetracker.in/gen/products/5dd3d764ad23a2139e4d52bafd78bb77
135,processor,AMD RYZEN 9 5950X & GIGABYTE X570 AORUS PRO WIFI COMBO,AMD RYZEN 9 5950X & GIGABYTE X570 AORUS PRO WIFI COMBO @ Combo5,pcpricetracker.in/gen/products/f2f238d24258229bc36059489dd4e46f
136,processor,[RePacked] Intel Core i7-10700K LGA1200 Unlocked Desktop Processor 8 Cores up to 5.10 GHz 16MB Cache,[RePacked] Intel Core i7-10700K LGA1200 Unlocked Desktop Processor 8 Cores up to 5.10 GHz 16MB Cache @ ,pcpricetracker.in/gen/products/8db901d98727b32328b589bc905cd924
137,processor,[RePacked] Intel Core i7-9700F LGA1151 Desktop Processor 8 Cores up to 4.7GHz 12MB Cache,[RePacked] Intel Core i7-9700F LGA1151 Desktop Processor 8 Cores up to 4.7GHz 12MB Cache @ ,pcpricetracker.in/gen/products/3be1415f918bb23a7356cec82866787c
138,processor,[RePacked] AMD Ryzen 5 5600X Desktop Processor 6 Cores up to 4.6GHz 35MB Cache AM4 Socket,[RePacked] AMD Ryzen 5 5600X Desktop Processor 6 Cores up to 4.6GHz 35MB Cache AM4 Socket @ ,pcpricetracker.in/gen/products/4e398f71bee808f6fcafc34747692bf7
139,processor,[RePacked] AMD Ryzen 3 2200G Desktop Processor 8 Cores Up to 3.7GHz AM4 Socket with Radeon Vega 8 Graphics,[RePacked] AMD Ryzen 3 2200G Desktop Processor 8 Cores Up to 3.7GHz AM4 Socket with Radeon Vega 8 Graphics @ ,pcpricetracker.in/gen/products/e695caea89ee480a86a4a44bb15bdf3c
140,processor,[RePacked] AMD Ryzen 3 3100 Desktop Processor 4 Cores 8 Threads 18MB Cache PCIe 4.0,[RePacked] AMD Ryzen 3 3100 Desktop Processor 4 Cores 8 Threads 18MB Cache PCIe 4.0 @ ,pcpricetracker.in/gen/products/51acc855422d7a46ce4b49ba173812d4
141,processor,[RePacked] AMD Ryzen 7 2700 Desktop Processor 8 Cores up to 4.1GHz 20MB Cache AM4 Socket (YD2700BBAFBOX),[RePacked] AMD Ryzen 7 2700 Desktop Processor 8 Cores up to 4.1GHz 20MB Cache AM4 Socket (YD2700BBAFBOX) @ ,pcpricetracker.in/gen/products/9da849965333590850dc2f81bb99c1f8
142,processor,[RePacked] AMD Ryzen 7 2700X Desktop Processor 8 Cores up to 4.3GHz 20MB Cache AM4 Socket (YD270XBGAFBOX),[RePacked] AMD Ryzen 7 2700X Desktop Processor 8 Cores up to 4.3GHz 20MB Cache AM4 Socket (YD270XBGAFBOX) @ ,pcpricetracker.in/gen/products/21e6fb27e4552ac9a9911881693b87a8
143,processor,[RePacked] AMD Ryzen 7 3800X Desktop Processor Up to 4.5 GHz 8 Cores 16 Threads 36MB Cache AM4 Socket,[RePacked] AMD Ryzen 7 3800X Desktop Processor Up to 4.5 GHz 8 Cores 16 Threads 36MB Cache AM4 Socket @ ,pcpricetracker.in/gen/products/bd8b4e4081cc02ab60943871861810f6
144,processor,[RePacked] AMD Ryzen 7 3700X Desktop,[RePacked] AMD Ryzen 7 3700X Desktop @ ,pcpricetracker.in/gen/products/2e23ffcc753de806b52baf166eb7dab1
145,processor,[RePacked] AMD Ryzen 5 3500X Desktop,[RePacked] AMD Ryzen 5 3500X Desktop @ ,pcpricetracker.in/gen/products/6edd0e6ac4eb029277e2256f4457dd57
146,processor,[RePacked] AMD Ryzen 5 3500X Desktop,[RePacked] Intel Core i7-9700K LGA115 @ ,pcpricetracker.in/gen/products/4ffa562131456a9b422d163a20628e39
147,processor,[RePacked] AMD Ryzen 5 3500X Desktop,[RePacked] Intel Core i7-10700 LGA120 @ ,pcpricetracker.in/gen/products/47a89f25673b1bf60139b635fb13e2a9
148,processor,[RePacked] AMD Ryzen 5 3500X Desktop,[RePacked] Intel Core i7-9700 LGA1151 @ ,pcpricetracker.in/gen/products/691a5119575b059fbb516c87496ba5a0
149,processor,[RePacked] AMD Ryzen 5 3500X Desktop,[RePacked] Intel Core i5-9500F LGA115 @ ,pcpricetracker.in/gen/products/c5487720f6aa9f845d077278f5ba2e8f
150,processor,[RePacked] AMD Ryzen 5 3500X Desktop,[RePacked] Intel Core i5-8400 LGA1151 @ ,pcpricetracker.in/gen/products/fdf8d8a199df912a21223f6981f970f5
151,processor,[RePacked] AMD Ryzen 5 3500X Desktop,[RePacked] Intel Core i5-9400 LGA1151 @ ,pcpricetracker.in/gen/products/2c0d0bf493d20ff132a4a83e8f615014
152,processor,[RePacked] AMD Ryzen 5 3500X Desktop,Intel Core i5-11400F 2.60 GHz Processor,pcpricetracker.in/gen/products/5b1218bf8f776a0510da2a24132c0607
153,processor,[RePacked] Intel Core i9-9900KF LGA1151 Unlocked Desktop Processor 8 Cores up to 5GHz 16MB Cache,[RePacked] Intel Core i9-9900KF LGA1151 Unlocked Desktop Processor 8 Cores up to 5GHz 16MB Cache,pcpricetracker.in/gen/products/788dbda52b30872227f6953531f58f61
154,processor,[RePacked] AMD Ryzen 5 2600 Desktop Processor 6 Cores up to 3.9GHz 19MB Cache AM4 Socket (YD2600BBAFBOX),[RePacked] AMD Ryzen 5 2600 Desktop Processor 6 Cores up to 3.9GHz 19MB Cache AM4 Socket (YD2600BBAFBOX),pcpricetracker.in/gen/products/6b3fb25bcdf1a84c06308cefdc01f464
155,processor,[RePacked] AMD Ryzen 5 3400G Desktop Processor 4 Cores up to 4.2GHz 6MB Cache AM4 Socket,[RePacked] AMD Ryzen 5 3400G Desktop Processor 4 Cores up to 4.2GHz 6MB Cache AM4 Socket,pcpricetracker.in/gen/products/e3ad82b3353204c0cc08b2f1690743f0
156,processor,[RePacked] Intel Core i9-9900K LGA1151 Unlocked Desktop Processor 8 Cores up to 5GHz 16MB Cache,[RePacked] Intel Core i9-9900K LGA1151 Unlocked Desktop Processor 8 Cores up to 5GHz 16MB Cache,pcpricetracker.in/gen/products/48e5b0e26583556c4e476e3903b68594
157,processor,[RePacked] Intel Core i3-9100F LGA1151 Desktop Processor 4 Cores up to 4.20GHz 6MB Cache,[RePacked] Intel Core i3-9100F LGA1151 Desktop Processor 4 Cores up to 4.20GHz 6MB Cache,pcpricetracker.in/gen/products/3e742d6d8231d7b7726c3e08d3140828
158,processor,AMD RYZEN 5 5600X PROCESSOR AND ASUS TUF GAMING X570-PLUS (WI-FI) MOTHERBOARD COMBO,AMD RYZEN 5 5600X PROCESSOR AND ASUS TUF GAMING X570-PLUS (WI-FI) MOTHERBOARD COMBO,pcpricetracker.in/gen/products/b1ebeb9563723313778dd6bbcfc3d667
159,processor,AMD RYZEN 7 5800X PROCESSOR AND ASUS ROG STRIX B550-F GAMING MOTHERBOARD COMBO,AMD RYZEN 7 5800X PROCESSOR AND ASUS ROG STRIX B550-F GAMING MOTHERBOARD COMBO,pcpricetracker.in/gen/products/5014c1a9873b0286494b0149525ae0a0
160,processor,MSI B550M PRO VDH WIFI & AMD RYZEN 5 5600X COMBO,MSI B550M PRO VDH WIFI & AMD RYZEN 5 5600X COMBO @ ,pcpricetracker.in/gen/products/9d14c74704ab3acab13bc315bf1efe63
161,processor,MSI B550 A PRO & AMD RYZEN 5 5600X COMBO,MSI B550 A PRO & AMD RYZEN 5 5600X COMBO @ ,pcpricetracker.in/gen/products/fde6702f4a401efd834ef0e6d909bbf7
162,processor,MSI B550M PRO VDH WIFI & AMD RYZEN 7 5800X COMBO,MSI B550M PRO VDH WIFI & AMD RYZEN 7 5800X COMBO @ ,pcpricetracker.in/gen/products/2a94ab088d8d8831d2d6aa9b6120c2c4
163,processor,MSI B550 A PRO & AMD RYZEN 7 5800X COMBO,MSI B550 A PRO & AMD RYZEN 7 5800X COMBO @ ,pcpricetracker.in/gen/products/3fa4d8a69d502e31053b6123b0c31460
164,processor,"AMD RYZEN 3 3200G OPEN BOX OEM PROCESSOR WITH RADEON RX VEGA 8 GRAPHICS (4 CORES 4 THREADS WITH MAX BOOST CLOCK OF 4GHz,BASE CLOCK OF 3.6GHz AND 6MB GAME CACHE)","AMD RYZEN 3 3200G OPEN BOX OEM PROCESSOR WITH RADEON RX VEGA 8 GRAPHICS (4 CORES 4 THREADS WITH MAX BOOST CLOCK OF 4GHz,BASE CLOCK OF 3.6GHz AND 6MB GAME CACHE) @ RYZEN",pcpricetracker.in/gen/products/ac28e64ddbbd840448ab267b6531158c
165,processor,"AMD RYZEN 5 3400G OPEN BOX OEM PROCESSOR WITH RADEON RX VEGA 11 GRAPHICS (4 CORES 8 THREADS WITH MAX BOOST CLOCK OF 4.2GHZ, BASE CLOCK OF 3.7GHZ AND 6MB GAME CACHE)","AMD RYZEN 5 3400G OPEN BOX OEM PROCESSOR WITH RADEON RX VEGA 11 GRAPHICS (4 CORES 8 THREADS WITH MAX BOOST CLOCK OF 4.2GHZ, BASE CLOCK OF 3.7GHZ AND 6MB GAME CACHE)",pcpricetracker.in/gen/products/2fde132af4bff4a5d10ca04fae406e3e
166,processor,INTEL CORE i5-11400 DESKTOP PROCESSOR,INTEL CORE i5-11400 DESKTOP PROCESSOR,pcpricetracker.in/gen/products/1b21372e7ac27ba912bb585a398f9f90
167,processor,AMD 4700S 8 CORE PROCESSOR OPEN BOX OEM DESKTOP KIT (ADV100-900000005),AMD 4700S 8 CORE PROCESSOR OPEN BOX OEM DESKTOP KIT (ADV100-900000005) @ ADV100-900000005,pcpricetracker.in/gen/products/ce9f8c848137c5f3f897f3a6f2dfff1c
168,processor,Intel Core I7-4930K Cpu,Intel Core I7-4930K Cpu @ INTEL CORE I7-4930K CPU,pcpricetracker.in/gen/products/a7e2dda197e3634cd1a09100db0695a9
169,processor,AMD Ryzen 5 5600G 6 Core Processor,AMD Ryzen 5 5600G 6 Core Processor @ Ryzen 5 5600G,pcpricetracker.in/gen/products/db057152dc17593e8c4582cbe4995537
170,processor,AMD Ryzen 5 5700G 8 Core Processor,AMD Ryzen 5 5700G 8 Core Processor @ Ryzen 7 5700G,pcpricetracker.in/gen/products/d5b58df3153634c998eb5b7d4e23738a
171,processor,Intel Core i3-10105 3.7 GHz Quad-Core LGA 1200 Processor BX8070110105,Intel Core i3-10105 3.7 GHz Quad-Core LGA 1200 Processor BX8070110105 @ BX8070110105,pcpricetracker.in/gen/products/66f0b4d9e87653671be952d086524849
172,processor,IntelÂ® PentiumÂ® Gold G6405 Desktop Processor 2 Core up to 4.1 GHz LGA1200 (IntelÂ® 400 Series chipset) 58W BX80701G6405,IntelÂ® PentiumÂ® Gold G6405 Desktop Processor 2 Core up to 4.1 GHz LGA1200 (IntelÂ® 400 Series chipset) 58W BX80701G6405,pcpricetracker.in/gen/products/426ab995014de0bcedaef5d3d21d2b89
173,processor,AMD Ryzen 3 3200G Open Box OEM Processor with Stock Cooler + ASUS Prime A320M-K AM4 Micro-ATX Motherboard,AMD Ryzen 3 3200G Open Box OEM Processor with Stock Cooler + ASUS Prime A320M-K AM4 Micro-ATX Motherboard,pcpricetracker.in/gen/products/88a6ef22647f09a73b3dfcdbd14971c9
174,processor,AMD A6-7480 Desktop Processor Upto 3.8 GHz Dual Core 2-Thread FM2+ Socket,AMD A6-7480 Desktop Processor Upto 3.8 GHz Dual Core 2-Thread FM2+ Socket,pcpricetracker.in/gen/products/9d54866d9a65027f9ffa66c853d40a52
175,processor,INTEL CELERON G5900 PROCESSOR,INTEL CELERON G5900 PROCESSOR,pcpricetracker.in/gen/products/80ce2f69540f32a686306bbb89067c0d
176,processor,INTEL CORE I5-11600KF DESKTOP PROCESSOR,INTEL CORE I5-11600KF DESKTOP PROCESSOR,pcpricetracker.in/gen/products/850a06e3a05f029ea3cb6b04aa4dadcf
177,processor,Intel Pentium Dual Core G4560 Processor,Intel Pentium Dual Core G4560 Processor,pcpricetracker.in/gen/products/39c2449db4480435df84ecdde1837e5f
178,processor,INTEL CELERON G5925 3.6 GHz DUAL-CORE LGA 1200 PROCESSOR,INTEL CELERON G5925 3.6 GHz DUAL-CORE LGA 1200 PROCESSOR,pcpricetracker.in/gen/products/ecc8cd4e07e2afaae7ab1efdf4571bf1
179,processor,11th Gen IntelÂ® Core i7-11700KF Desktop Processor 8 Cores up to 5.0GHz Unlocked Without Processor Graphics LGA 1200  (IntelÂ® 500 Series Chipset) 125W BX8070811700KF,11th Gen IntelÂ® Core i7-11700KF Desktop Processor 8 Cores up to 5.0GHz Unlocked Without Processor Graphics LGA 1200  (IntelÂ® 500 Series Chipset) 125W BX8070811700KF,pcpricetracker.in/gen/products/ebb9041e6b1af65ee751b5e707c8cbae
180,processor,AMD A8-9600 Bristol Ridge Quad-Core 3.1 GHz Socket AM4 65W AMD Radeon R7 Graphics Desktop Processor AD9600AGABBOX,AMD A8-9600 Bristol Ridge Quad-Core 3.1 GHz Socket AM4 65W AMD Radeon R7 Graphics Desktop Processor AD9600AGABBOX @ AD9600AGABBOX,pcpricetracker.in/gen/products/167e2a143417889d82b84ebaa8447a5d
181,processor,Intel Core i5-12400 12th Gen Alder Lake Processor,Intel Core i5-12400 12th Gen Alder Lake Processor,pcpricetracker.in/gen/products/cc32ab539e05946d46ce157a80a0b2af
182,processor,Intel Core i5-12600 12th Gen Alder Lake Processor,Intel Core i5-12600 12th Gen Alder Lake Processor,pcpricetracker.in/gen/products/843a69f76bd23e7c7ec36ba426320ed6
183,processor,Intel Core i5-12600K 12th Gen Alder Lake Processor,Intel Core i5-12600K 12th Gen Alder Lake Processor,pcpricetracker.in/gen/products/53693d5c149a5f1b591ad99face1d929
184,processor,Intel Core i7-12700 12th Gen Alder Lake Processor,Intel Core i7-12700 12th Gen Alder Lake Processor,pcpricetracker.in/gen/products/cbd4a74d8a67a38cd5a71e978237ec43
185,processor,Intel Core i7-12700K 12th Gen Alder Lake Processor,Intel Core i7-12700K 12th Gen Alder Lake Processor,pcpricetracker.in/gen/products/ad2e25c19e6e28b894b7ba5cc5f1a488
186,processor,Intel Core i9-12900 12th Gen Alder Lake Processor,Intel Core i9-12900 12th Gen Alder Lake Processor,pcpricetracker.in/gen/products/e72894b44a69f17425c40ffc7b6e426b
187,processor,Intel Core i9-12900K 12th Gen Alder Lake Processor,Intel Core i9-12900K 12th Gen Alder Lake Processor,pcpricetracker.in/gen/products/491efe86010d1f72833c8c525fdec455
188,processor,INTEL CORE I7 11700F 11TH GEN DESKTOP PROCESSOR WITH 8 CORES AND 16 THREADS,INTEL CORE I7 11700F 11TH GEN DESKTOP PROCESSOR WITH 8 CORES AND 16 THREADS,pcpricetracker.in/gen/products/edeceb3e6ac7fbbbb017f75b275711c5
189,processor,Intel Core i7-12700KF 3.6 GHz 12-Core LGA 1700 Processor BX8071512700KF,Intel Core i7-12700KF 3.6 GHz 12-Core LGA 1700 Processor BX8071512700KF,pcpricetracker.in/gen/products/0f0a7d47596db9617fb08a4983c6f5f7
190,processor,Intel Core i9-12900KF 12th Gen Alder Lake LGA 1700 Processor BX8071512900KF,Intel Core i9-12900KF 12th Gen Alder Lake LGA 1700 Processor BX8071512900KF @ BX8071512900KF,pcpricetracker.in/gen/products/cb6e475c81a48dc78f2cabc2117bac75
191,processor,10th Gen Intel Core i9-10850K Open Box OEM Processor 10 Cores up to 5.2 GHz Unlocked LGA 1200 (Intel 400 Series Chipset) 95W BX8070110850K,10th Gen Intel Core i9-10850K Open Box OEM Processor 10 Cores up to 5.2 GHz Unlocked LGA 1200 (Intel 400 Series Chipset) 95W BX8070110850K @ Gen,pcpricetracker.in/gen/products/ef8faa65de1981fa7ad4420604036c40
192,processor,INTEL CORE I5-12600KF UNLOCKED DESKTOP PROCESSOR WITHOUT GRAPHICS (BX8071512600KF),INTEL CORE I5-12600KF UNLOCKED DESKTOP PROCESSOR WITHOUT GRAPHICS (BX8071512600KF) @ BX8071512600KF,pcpricetracker.in/gen/products/688c14c4df3a032b8f1f08846c8ca272
193,processor,"Intel 10th Gen Comet Lake Pentium Gold G6500 Processor 4M Cache, up to 4.10 GHz","Intel 10th Gen Comet Lake Pentium Gold G6500 Processor 4M Cache, up to 4.10 GHz",pcpricetracker.in/gen/products/2284a2bd60c8bd7ec6511ef714d39a31
194,processor,AMD RYZEN 5 3600 OEM Processor,AMD RYZEN 5 3600 OEM Processor,pcpricetracker.in/gen/products/574838b7e7e81f552867a9ca10bd3378
195,processor,Intel Core i5-12400F 12th Gen Alder Lake 6-Core 2.5 GHz LGA 1700 Desktop Processor BX8071512400F,Intel Core i5-12400F 12th Gen Alder Lake 6-Core 2.5 GHz LGA 1700 Desktop Processor BX8071512400F @ BX8071512400F,pcpricetracker.in/gen/products/4f03f1c57ecd0d974d2ea7099b8f12fe
196,processor,"INTEL CORE I3-12100F DESKTOP PROCESSOR (12M CACHE, UP TO 4.30GHZ)","INTEL CORE I3-12100F DESKTOP PROCESSOR (12M CACHE, UP TO 4.30GHZ) @ Core-i3-12100F",pcpricetracker.in/gen/products/5ff8a0fec9097443280ecb56d399ab9e
197,processor,"Intel Core i7-12700K Open Box OEM Processor (25M Cache, up to 5.00 GHz)","Intel Core i7-12700K Open Box OEM Processor (25M Cache, up to 5.00 GHz) @ I7-12700K OEM",pcpricetracker.in/gen/products/f66d357699fe3a03e4bf1aab2f5c6239
198,processor,Intel Core I3-9350K 9th Generation Processor BX80684I39350K LGA1151 Socket (Quad Core/ 4.0 GHz/ 4.6 GHz Turbo/ 8MB Cache/ Intel UHD Graphics 630),Intel Core I3-9350K 9th Generation Processor BX80684I39350K LGA1151 Socket (Quad Core/ 4.0 GHz/ 4.6 GHz Turbo/ 8MB Cache/ Intel UHD Graphics 630) @ BX80684I39350K,pcpricetracker.in/gen/products/731e38ccd6a6c8623cbd9bb25320ef55
199,processor,INTEL CIRE I7-12700F 12TH GEN ALDER LAKE 12-CORE LGA1700 DESKTOP PROCESSOR (BX8071512700F),INTEL CIRE I7-12700F 12TH GEN ALDER LAKE 12-CORE LGA1700 DESKTOP PROCESSOR (BX8071512700F) @ BX8071512700F,pcpricetracker.in/gen/products/caacf05c5bb6cd78390d9d77735719f3
200,processor,"AMD Athlon 3000G Open Box OEM Processor With Radeon Vega 3 Graphics (2 Cores 4 Threads,With Base Clock Of 3.5GHz And 5MB Cache Memory)","AMD Athlon 3000G Open Box OEM Processor With Radeon Vega 3 Graphics (2 Cores 4 Threads,With Base Clock Of 3.5GHz And 5MB Cache Memory) @ Athlon",pcpricetracker.in/gen/products/edfb12be1f52f874da712ce9fe8689ad
